<application id="SustTESTVal" name="TestCrypto" ffixmlversion="1.0" language="js"><jsnamespace namespace="Signature" iphoneheaders="" ipadheaders=""><jsclasses></jsclasses><jsfunctions><jsfunction name="capture" returntype="void"><params><param name="callback" type="Function"/></params><mappings><mapping platform="android" library="Signature.jar" namespace="com.kony.prateek.ffi" class="SignatureWrapper" static="true" method="captureSignature" returntype="void"  frameworks=""><params><param type="com.konylabs.vm.Function"/></params></mapping><mapping platform="tabrcandroid" library="Signature.jar" namespace="com.kony.prateek.ffi" class="SignatureWrapper" static="true" method="captureSignature" returntype="void"  frameworks=""><params><param type="com.konylabs.vm.Function"/></params></mapping></mappings></jsfunction></jsfunctions></jsnamespace></application>