<?xml version="1.0" encoding="UTF-8" standalone="yes"?>
<javaScriptFFIContainer>
    <namespaces name="Signature">
        <jsFunctions name="capture">
            <mappings platformId="8">
                <nativeFunction static="false" packageName="com.kony.prateek.ffi" name="captureSignature" library="Signature.jar" frameworks="" className="SignatureWrapper">
                    <params dataType="com.konylabs.vm.Function"/>
                    <versionSpecificLibraries>
                        <entry>
                            <key>5.0</key>
                        </entry>
                        <entry>
                            <key>6.0</key>
                        </entry>
                    </versionSpecificLibraries>
                </nativeFunction>
            </mappings>
            <mappings platformId="18">
                <nativeFunction static="false" packageName="com.kony.prateek.ffi" name="captureSignature" library="Signature.jar" frameworks="" className="SignatureWrapper">
                    <params dataType="com.konylabs.vm.Function"/>
                    <versionSpecificLibraries>
                        <entry>
                            <key>5.0</key>
                        </entry>
                        <entry>
                            <key>6.0</key>
                        </entry>
                    </versionSpecificLibraries>
                </nativeFunction>
            </mappings>
            <params name="callback" dataType="Function"/>
            <returnTypes>void</returnTypes>
        </jsFunctions>
    </namespaces>
</javaScriptFFIContainer>
